동아리	NNG
IT동아리	NNG
IT융합학부동아리	NNG
우송대동아리	NNG
우송동아리	NNG
우송대학교동아리	NNG
학군단	NNG
우송학군단	NNG
우송대학군단	NNG
우송대학교학군단	NNG
ROTC	NNG
우송ROTC	NNG
우송대ROTC	NNG
우송대학교ROCT	NNG
교수	NNG
교수님	NNG
선생	NNG
선생님	NNG
학부장	NNG
학부장님	NNG
학부장교수	NNG
학부장교수님	NNG
비트	NNG
우송대비트	NNG
우송비트	NNG
우송대비트	NNG
동아리	NNG
IT동아리	NNG
학교동아리	NNG
과동아리	NNG
기업협력 취업프로그램	NNG
취업프로그램	NNG
취업	NNG
취업과정	NNG
취업방법	NNG
자격증	NNG
관련자격증	NNG
IT자격증	NNG
취득자격증	NNG
도움되는자격증	NNG
학사일정	NNG
일정	NNG
학사계획	NNG
학사계획표	NNG
학교일정	NNG
일정표	NNG
서점	NNG
책판매	NNG
책파는곳	NNG
책판매처	NNG
책구매가능한곳	NNG
교재	NNG
교재판매처	NNG
교재파는곳	NNG
카페	NNG
커피숍	NNG
커피샵	NNG
까페	NNG
투썸	NNG
투썸플레이스	NNG
투플	NNG
솔파인	NNG
솔파인레스토랑	NNG
레스토랑	NNG
SOIPINE	NNG
ENDICOTT BUILDING	NNG
우송도서관	NNG
국제교육센터	NNG
유학생기숙사	NNG
철도물류관	NNG
보건의료과학관	NNG
교양교육관	NNG
우송관	NNG
우송유치원	NNG
정례원	NNG
사회복지융합관	NNG
체육관	NNG
SICA	NNG
우송타워	NNG
CULINARY CENTER	NNG
식품건축관	NNG
학생회관	NNG
SIS	NNG
미디어융합관	NNG
우송예술회관	NNG
시카	NNG
씨카	NNG
